{"cameraMode":{"drawMode":0,"name":"Shaded","section":"Shading Mode"},"sceneLighting":false,"audioPlay":false,"sceneViewState":{"showFog":true,"showMaterialUpdate":false,"showSkybox":false,"showFlares":true,"showImageEffects":true,"showParticleSystems":true,"showVisualEffectGraphs":true,"m_FxEnabled":true},"in2DMode":false,"pivot":{"x":464.10406494140627,"y":206.20982360839845,"z":1.274343490600586},"rotation":{"x":0.15359000861644746,"y":-0.0885060504078865,"z":0.013888619840145111,"w":0.9841908812522888},"size":3.2660253047943117,"orthographic":false}