{"cameraMode":{"drawMode":0,"name":"Shaded","section":"Shading Mode"},"sceneLighting":false,"audioPlay":false,"sceneViewState":{"m_AlwaysRefresh":false,"showFog":true,"showSkybox":false,"showFlares":true,"showImageEffects":true,"showParticleSystems":true,"showVisualEffectGraphs":true,"m_FxEnabled":true},"in2DMode":false,"pivot":{"x":0.4081078767776489,"y":0.4049074053764343,"z":0.9198258519172669},"rotation":{"x":-0.18214350938796998,"y":0.7106070518493652,"z":-0.19920159876346589,"w":-0.6497599482536316},"size":0.8660253882408142,"orthographic":false}