{"cameraMode":{"drawMode":0,"name":"Shaded","section":"Shading Mode"},"sceneLighting":false,"audioPlay":false,"sceneViewState":{"showFog":true,"showMaterialUpdate":false,"showSkybox":false,"showFlares":true,"showImageEffects":true,"showParticleSystems":true,"showVisualEffectGraphs":true,"m_FxEnabled":true},"in2DMode":false,"pivot":{"x":581.8353881835938,"y":384.455810546875,"z":4.294105529785156},"rotation":{"x":-0.022806668654084207,"y":0.011094091460108757,"z":-0.00025348050985485315,"w":-0.9996815323829651},"size":99.4608383178711,"orthographic":false}