{"cameraMode":{"drawMode":0,"name":"Shaded","section":"Shading Mode"},"sceneLighting":true,"audioPlay":false,"sceneViewState":{"showFog":true,"showMaterialUpdate":false,"showSkybox":true,"showFlares":true,"showImageEffects":true,"showParticleSystems":true,"showVisualEffectGraphs":true,"m_FxEnabled":true},"in2DMode":false,"pivot":{"x":7.206625938415527,"y":-0.4921846389770508,"z":0.8642654418945313},"rotation":{"x":-0.27688953280448916,"y":-0.19657070934772492,"z":0.057983022183179858,"w":-0.9388060569763184},"size":11.925186157226563,"orthographic":false}