{"cameraMode":{"drawMode":0,"name":"Shaded","section":"Shading Mode"},"sceneLighting":true,"audioPlay":false,"sceneViewState":{"showFog":true,"showMaterialUpdate":false,"showSkybox":true,"showFlares":true,"showImageEffects":true,"showParticleSystems":true,"showVisualEffectGraphs":true,"m_FxEnabled":true},"in2DMode":false,"pivot":{"x":3.3089723587036135,"y":-16.21490478515625,"z":34.349971771240237},"rotation":{"x":-0.26845288276672366,"y":0.012134525924921036,"z":-0.0033817358780652286,"w":-0.9632146954536438},"size":37.46950149536133,"orthographic":false}