{"cameraMode":{"drawMode":0,"name":"Shaded","section":"Shading Mode"},"sceneLighting":false,"audioPlay":false,"sceneViewState":{"showFog":true,"showMaterialUpdate":false,"showSkybox":false,"showFlares":true,"showImageEffects":true,"showParticleSystems":true,"showVisualEffectGraphs":true,"m_FxEnabled":true},"in2DMode":false,"pivot":{"x":6.181135654449463,"y":-4.013233661651611,"z":0.12509134411811829},"rotation":{"x":-0.15398959815502168,"y":-0.051262326538562778,"z":0.007996823638677597,"w":-0.9867407083511353},"size":1.8313899040222169,"orthographic":false}